{
    "action": {
        "mean": [
            -0.0997810810804367,
            2.0097832679748535,
            1.427304744720459,
            0.11065459996461868,
            0.9561777710914612,
            -0.33478036522865295,
            0.6632136702537537,
            0.3486172556877136,
            2.512343406677246,
            2.3243765830993652,
            -0.9726426601409912,
            -0.4067637622356415,
            -0.010251962579786777,
            0.36126747727394104
        ],
        "std": [
            0.18116359412670135,
            0.3964729607105255,
            0.4057040214538574,
            0.4074924886226654,
            0.27016475796699524,
            0.31709298491477966,
            0.4502839744091034,
            0.19985069334506989,
            0.32769325375556946,
            0.587913453578949,
            0.45789992809295654,
            0.2991185188293457,
            0.3248840272426605,
            0.42180049419403076
        ]
    },
    "state": {
        "mean": [
            -0.09917149692773819,
            2.0103514194488525,
            1.405008316040039,
            0.10054486244916916,
            0.9374573230743408,
            -0.3304784893989563,
            0.691138505935669,
            0.36117497086524963,
            2.5093212127685547,
            2.303401470184326,
            -0.9658645987510681,
            -0.4199981689453125,
            -0.009482892230153084,
            0.3878965675830841
        ],
        "std": [
            0.17723217606544495,
            0.407681405544281,
            0.41091129183769226,
            0.40501052141189575,
            0.2699522376060486,
            0.31330105662345886,
            0.4100145995616913,
            0.19066573679447174,
            0.34176209568977356,
            0.5944379568099976,
            0.4538387358188629,
            0.28971827030181885,
            0.3215762674808502,
            0.4025324881076813
        ]
    }
}